dataset,optimizer,metric,mean,std
cifar10,Baseline,val_loss,0.56862114071846,0.035445230378686556
cifar10,Baseline,val_acc,0.8451200008392334,0.007984126688871865
cifar10,Baseline,f1,0.8448297798809101,0.007463341415893699
cifar10,Baseline,train_time,203.73583180904387,3.0170810516611097
cifar10,Custom,val_loss,0.5501494348049164,0.029279727568029816
cifar10,Custom,val_acc,0.8444099962711334,0.0053931035319004705
cifar10,Custom,f1,0.8435124164446117,0.004977573021966687
cifar10,Custom,train_time,253.22630472183226,4.809245242554113
