dataset,metric,t_stat,p_value
cifar100,val_loss,-8.022574974572944,2.1641905243557396e-05
cifar100,val_acc,3.883604096514028,0.0037109541889615042
cifar100,f1,3.494810499635624,0.006778634813217167
cifar100,train_time,75.89754348762213,6.054073241508127e-14
