dataset,metric,t_stat,p_value
cifar10,val_loss,-3.060400709355922,0.0064383886578641535
cifar10,val_acc,4.310992602555397,0.00037682246221762015
cifar10,f1,4.305393799710019,0.0003816591214815007
cifar10,train_time,50.68858576066131,9.610960249363327e-22
