dataset,metric,t_stat,p_value
cifar10,val_loss,-1.2606974176357437,0.23911911359221674
cifar10,val_acc,-0.2379658006825413,0.8172368665432777
cifar10,f1,-0.45378343736977594,0.6607289515230882
cifar10,train_time,37.95733765006806,3.034903692310073e-11
