dataset,optimizer,metric,mean,std
cifar100,Baseline,val_loss,1.5665583670139314,0.05331798840394464
cifar100,Baseline,val_acc,0.5700399965047837,0.012271253295046575
cifar100,Baseline,f1,0.5670541042201422,0.012052488037449892
cifar100,Baseline,train_time,272.2826013803482,4.374052544573777
cifar100,Custom,val_loss,1.5198135733604432,0.03557271381540852
cifar100,Custom,val_acc,0.5786450028419494,0.006719218946682029
cifar100,Custom,f1,0.5747379225279304,0.006830053576328972
cifar100,Custom,train_time,341.7940052270889,4.986088370853494
