dataset,optimizer,metric,mean,std
cifar10,Baseline,val_loss,0.4742707788944244,0.040902198585332075
cifar10,Baseline,val_acc,0.8542350023984909,0.01121996037512229
cifar10,Baseline,f1,0.8539696630803284,0.01028622787760159
cifar10,Baseline,train_time,264.7298025250435,2.842368570054064
cifar10,Custom,val_loss,0.4476867079734802,0.02557128194935878
cifar10,Custom,val_acc,0.8603850036859513,0.006733290555990347
cifar10,Custom,f1,0.8592603962486663,0.007186512234775432
cifar10,Custom,train_time,332.95940642356874,4.048642608827498
