dataset,metric,t_stat,p_value
cifar100,val_loss,-2.893537589562582,0.00930992099837909
cifar100,val_acc,2.5460352921022626,0.019724193566322646
cifar100,f1,2.352194123657333,0.029597252665754276
cifar100,train_time,93.68082371241468,8.612904900663716e-27
