dataset,metric,t_stat,p_value
cifar10,val_loss,-2.734126277897637,0.013180523652970446
cifar10,val_acc,2.3007549906699407,0.03290163526825268
cifar10,f1,2.095726781708136,0.04973335614023657
cifar10,train_time,94.8814541385341,6.765207685697859e-27
