dataset,optimizer,metric,mean,std
cifar10,Adam,val_loss,0.6623870342969894,0.09026130944757242
cifar10,Adam,val_acc,0.7818899989128113,0.027394788175384
cifar10,Adam,f1,0.7813899256225605,0.025974100331650818
cifar10,Adam,train_time,109.45995769500732,2.5353666035284914
cifar10,Custom,val_loss,0.5919806748628617,0.03684180680834767
cifar10,Custom,val_acc,0.8095849931240082,0.009856669735603483
cifar10,Custom,f1,0.8081442343662463,0.009711606874125098
cifar10,Custom,train_time,148.27993791103364,2.041645668450767
