dataset,metric,t_stat,p_value
cifar100,val_loss,-3.667573352201864,0.00163630312088877
cifar100,val_acc,5.104088023710408,6.304358965974544e-05
cifar100,f1,5.224939330713521,4.822296396669729e-05
cifar100,train_time,55.603459370420005,1.6749527393322631e-22
