dataset,optimizer,metric,mean,std
cifar100,Baseline,val_loss,2.249528694152832,0.48731322490800577
cifar100,Baseline,val_acc,0.42562500238418577,0.07248001376540775
cifar100,Baseline,f1,0.42115034444477556,0.0710414796337199
cifar100,Baseline,train_time,109.71725000143051,2.301637752726787
cifar100,Custom,val_loss,1.842598456144333,0.05353419574384277
cifar100,Custom,val_acc,0.5099850043654441,0.009719454392689867
cifar100,Custom,f1,0.5048524447305688,0.010588727016382216
cifar100,Custom,train_time,147.96649770736695,2.000730015436775
