dataset,optimizer,metric,mean,std
cifar100,Baseline,val_loss,1.7774120807647704,0.02982091550553569
cifar100,Baseline,val_acc,0.5525799989700317,0.005507730371636317
cifar100,Baseline,f1,0.5507159132678059,0.005666398513998517
cifar100,Baseline,train_time,213.94187791347503,4.146590641506573
cifar100,Custom,val_loss,1.629755711555481,0.0412646890487005
cifar100,Custom,val_acc,0.5673199951648712,0.009184501839842724
cifar100,Custom,f1,0.5646113453720043,0.009518537732350408
cifar100,Custom,train_time,264.356779050827,3.637028019265601
