dataset,metric,t_stat,p_value
cifar100,val_loss,-3.705813280784326,0.0014997370085566744
cifar100,val_acc,-1.922565635258599,0.06965661323064051
cifar100,f1,-2.5724187352821963,0.018649478909625695
cifar100,train_time,94.21534635253174,7.732103898296164e-27
