dataset,metric,t_stat,p_value
cifar10,val_loss,-1.4030792838754695,0.1767241829078555
cifar10,val_acc,1.4259051806638963,0.17011959045450334
cifar10,f1,1.5514093270693732,0.13730136605702783
cifar10,train_time,93.21883118374782,9.459304529402087e-27
