dataset,metric,t_stat,p_value
cifar100,val_loss,-2.6671304033169334,0.015230085900760536
cifar100,val_acc,3.752773383909247,0.0013474269195708178
cifar100,f1,3.243212888354753,0.004278476037945634
cifar100,train_time,71.91814462392637,1.2902436527715002e-24
