dataset,optimizer,metric,mean,std
cifar10,Baseline,val_loss,0.6846435815095901,0.21126232862978025
cifar10,Baseline,val_acc,0.7829250037670136,0.055959380898934104
cifar10,Baseline,f1,0.7819700599471504,0.05656122744059792
cifar10,Baseline,train_time,105.65008670091629,2.0593494941912835
cifar10,Custom,val_loss,0.5956185042858124,0.04428248614223475
cifar10,Custom,val_acc,0.8082200020551682,0.011222469167308319
cifar10,Custom,f1,0.8073001676749311,0.011893952976419547
cifar10,Custom,train_time,144.42919826507568,1.2853277464796082
