dataset,optimizer,metric,mean,std
cifar100,Baseline,val_loss,2.1820451259613036,0.6189117732879409
cifar100,Baseline,val_acc,0.46901500076055525,0.05647049763278335
cifar100,Baseline,f1,0.46774898191310654,0.058598765201904025
cifar100,Baseline,train_time,107.76591575145721,2.0668774426427516
cifar100,Custom,val_loss,1.825897401571274,0.039462309814397384
cifar100,Custom,val_acc,0.5140599995851517,0.008018758720544032
cifar100,Custom,f1,0.5085106050252167,0.00879757931474625
cifar100,Custom,train_time,147.42828600406648,2.5157545964636845
