dataset,optimizer,metric,mean,std
cifar100,Baseline,val_loss,1.6807735919952393,0.04530931360339537
cifar100,Baseline,val_acc,0.5600249975919723,0.00804603892472692
cifar100,Baseline,f1,0.5573195379437867,0.007415394056703384
cifar100,Baseline,train_time,196.51761234998702,1.8599671312470147
cifar100,Custom,val_loss,1.6345098495483399,0.059761772566164946
cifar100,Custom,val_acc,0.5552249997854233,0.012565280900640187
cifar100,Custom,f1,0.5510790126767068,0.01212602456657376
cifar100,Custom,train_time,250.63314819335938,2.9790309100847687
