dataset,optimizer,metric,mean,std
cifar10,Baseline,val_loss,0.5146504744887352,0.05174881428424464
cifar10,Baseline,val_acc,0.8403850018978118,0.012957398042838245
cifar10,Baseline,f1,0.8394229303763863,0.011930820528093659
cifar10,Baseline,train_time,198.74108449220657,2.0832120026565466
cifar10,Custom,val_loss,0.493676646053791,0.03175617423123534
cifar10,Custom,val_acc,0.8455300003290176,0.008504805229115025
cifar10,Custom,f1,0.8447962541620331,0.00832535568512696
cifar10,Custom,train_time,255.5716387629509,3.6062657176240314
