dataset,metric,t_stat,p_value
cifar10,val_loss,-1.752256533604796,0.09585340779437308
cifar10,val_acc,1.9244700678675073,0.06940351645366868
cifar10,f1,1.8943274745830991,0.07350654408106819
cifar10,train_time,73.24995657406228,9.115509322049232e-25
