dataset,optimizer,metric,mean,std
cifar10,Baseline,val_loss,0.43316423892974854,0.02935544002843471
cifar10,Baseline,val_acc,0.8621600031852722,0.007229358214650879
cifar10,Baseline,f1,0.8614305730846403,0.007751328532992007
cifar10,Baseline,train_time,248.82134366035461,2.2743532065530307
cifar10,Custom,val_loss,0.41365763247013093,0.014688313075187205
cifar10,Custom,val_acc,0.86807000041008,0.004161744672259418
cifar10,Custom,f1,0.8669120782937878,0.004752175014970571
cifar10,Custom,train_time,311.3269446492195,4.234258146151858
