dataset,metric,t_stat,p_value
cifar100,val_loss,-2.6173518275990486,0.01694540296733411
cifar100,val_acc,3.6238365835007804,0.0018076777696907952
cifar100,f1,3.8701806967734242,0.001030663540677222
cifar100,train_time,65.23086251317562,8.18266525614384e-24
