dataset,metric,t_stat,p_value
cifar10,val_loss,-2.5692248220155682,0.018776577506873213
cifar10,val_acc,3.0914525407246094,0.006008478370441441
cifar10,f1,2.624711241216308,0.016680748389750037
cifar10,train_time,76.35295140981779,4.154650262339315e-25
