dataset,optimizer,metric,mean,std
cifar100,Baseline,val_loss,1.4717166066169738,0.022074375858923696
cifar100,Baseline,val_acc,0.5909850001335144,0.004547324254943494
cifar100,Baseline,f1,0.5871756293329997,0.004235696098503028
cifar100,Baseline,train_time,315.6870972275734,7.113191236427588
cifar100,Custom,val_loss,1.44720516204834,0.03206537093084258
cifar100,Custom,val_acc,0.5972999960184098,0.006097195342620052
cifar100,Custom,f1,0.5933720195163497,0.0060540836927536115
cifar100,Custom,train_time,381.5336152553558,9.694911798083748
